{"vol": 0.244140625, "num_vox": 15625, "inertia": [0.007934570312500768, 0.007934570312500621, 0.007934570312500598]}